date,city,station_id,season,avg_temp_c,min_temp_c,max_temp_c,precipitation_mm,avg_wind_speed_kmh,home_team,away_team,home_score,away_score,competition,stadium,country,neutral,world_cup
2010-02-06,Dublin,3969,Winter,4.4,2.3,6.9,1.0,9.9,Ireland,Italy,29,11,2010 Six Nations Championship,Croke Park,Ireland,False,False
2010-02-06,London,3772,Winter,5.1,4.1,7.2,0.5,12.6,England,Wales,30,17,2010 Six Nations Championship,Twickenham,England,False,False
2010-02-07,Edinburgh,3171,Winter,4.7,3.3,5.5,2.0,11.4,Scotland,France,9,18,2010 Six Nations Championship,Murrayfield,Scotland,False,False
2010-02-13,Saint-Denis,7149,Winter,,-4.9,-2.2,0.0,,France,Ireland,33,10,2010 Six Nations Championship,Stade de France,France,False,False
2010-02-14,Rome,16239,Winter,5.9,3.6,9.0,,,Italy,England,12,17,2010 Six Nations Championship,Stadio Flaminio,Italy,False,False
2010-02-27,London,3772,Winter,7.4,4.0,11.1,0.5,14.8,England,Ireland,16,20,2010 Six Nations Championship,Twickenham,England,False,False
2010-02-27,Rome,16239,Winter,10.9,,16.4,,,Italy,Scotland,16,12,2010 Six Nations Championship,Stadio Flaminio,Italy,False,False
2010-03-13,Edinburgh,3171,Spring,6.5,0.7,12.3,0.0,21.8,Scotland,England,15,15,2010 Six Nations Championship,Murrayfield Stadium,Scotland,False,False
2010-03-13,Dublin,3969,Spring,5.6,1.3,9.6,,15.3,Ireland,Wales,27,12,2010 Six Nations Championship,Croke Park,Ireland,False,False
2010-03-14,Saint-Denis,7149,Spring,,2.8,8.8,0.0,,France,Italy,46,20,2010 Six Nations Championship,Stade de France,France,False,False
2010-03-20,Dublin,3969,Spring,6.7,5.6,12.3,6.1,17.5,Ireland,Scotland,20,23,2010 Six Nations Championship,Croke Park,Ireland,False,False
2010-03-20,Saint-Denis,7149,Spring,,11.5,16.1,15.7,,France,England,12,10,2010 Six Nations Championship,Stade de France,France,False,False
2010-06-12,Cape Town,68816,Winter,12.3,6.6,19.8,,,South Africa,France,42,17,2010 mid-year test,Newlands,South Africa,False,False
2010-06-12,New Plymouth,93309,Winter,11.9,,16.6,8.6,,New Zealand,Ireland,66,28,2010 Ireland rugby union tour of New Zealand and Australia,Yarrow Stadium,New Zealand,False,False
2010-06-12,Perth,94614,Winter,,10.7,22.3,0.0,,Australia,England,27,17,2010 England tour of Australia and New Zealand,Subiaco Oval,Australia,False,False
2010-06-19,Sydney,94767,Winter,14.3,7.4,19.9,0.0,21.6,Australia,England,20,21,2010 England tour of Australia and New Zealand,Stadium Australia,Australia,False,False
2010-06-26,Buenos Aires,87582,Winter,12.5,11.0,18.1,,23.3,Argentina,France,41,13,2010 Summer International,José Amalfitani Stadium,Argentina,False,False
2010-06-26,Brisbane,94576,Winter,,12.5,21.3,0.0,,Australia,Ireland,22,15,2010 Summer International,Lang Park,Australia,False,False
2010-06-26,Hamilton,78016,Summer,27.4,25.7,30.0,0.0,21.6,New Zealand,Wales,29,10,2010 Wales tour of New Zealand,Waikato Stadium,New Zealand,False,False
2010-06-26,Hamilton,93119,Winter,11.8,,,,,New Zealand,Wales,29,10,2010 Wales tour of New Zealand,Waikato Stadium,New Zealand,False,False
2010-07-10,Auckland,93110,Winter,6.4,,11.5,0.0,,New Zealand,South Africa,32,12,2010 Tri Nations Series,Eden Park,New Zealand,False,False
2010-07-17,Wellington,93439,Winter,9.8,,11.6,6.1,,New Zealand,South Africa,31,17,2010 Tri Nations Series,Westpac Stadium,New Zealand,False,False
2010-07-24,Brisbane,94576,Winter,,11.6,21.4,0.0,,Australia,South Africa,30,13,2010 Tri Nations Series,Lang Park,Australia,False,False
2010-07-31,Melbourne,95866,Winter,,10.4,16.0,0.2,,Australia,New Zealand,28,49,2010 Tri Nations Series,Docklands Stadium,Australia,False,False
2010-08-07,Christchurch,93781,Winter,9.2,2.1,12.8,0.0,,New Zealand,Australia,20,10,2010 Tri Nations Series,Lancaster Park,New Zealand,False,False
2010-08-28,Pretoria,68263,Winter,18.8,11.0,26.6,,,South Africa,Australia,44,31,2010 Tri Nations Series,Loftus Versfeld Stadium,South Africa,False,False
2010-09-04,Bloemfontein,68442,Spring,12.9,-1.4,27.2,,5.8,South Africa,Australia,39,41,2010 Tri Nations Series,Free State Stadium,South Africa,False,False
2010-09-11,Sydney,94767,Spring,14.1,10.2,18.7,0.0,15.6,Australia,New Zealand,22,23,2010 Tri Nations Series,Stadium Australia,Australia,False,False
2010-11-06,Dublin,3969,Autumn,5.0,1.7,7.9,3.8,16.5,Ireland,South Africa,21,23,2010 end-of-year test,Aviva Stadium,Ireland,False,False
2010-11-06,London,3772,Autumn,9.1,6.2,11.2,6.6,8.7,England,New Zealand,16,26,2010 Autumn International,Twickenham,England,False,False
2010-11-13,London,3772,Autumn,9.4,8.4,10.4,2.8,12.3,England,Australia,35,18,2010 Autumn International,Twickenham Stadium,England,False,False
2010-11-13,Edinburgh,3171,Autumn,5.4,1.7,7.5,0.0,19.9,Scotland,New Zealand,3,49,2010 end of year rugby tests,Murrayfield,Scotland,False,False
2010-11-20,Montpellier,7643,Autumn,11.7,8.5,14.2,0.0,25.0,France,Argentina,15,9,2010 Autumn International,Stade de la Mosson,France,False,False
2010-11-20,Dublin,3969,Autumn,7.3,3.3,9.0,0.0,16.5,Ireland,New Zealand,18,38,2010 Autumn International,Aviva Stadium,Ireland,False,False
2010-11-20,Edinburgh,3171,Autumn,6.0,3.3,8.5,6.1,16.9,Scotland,South Africa,21,17,2010 Autumn International,Murrayfield,Scotland,False,False
2010-11-27,London,3772,Autumn,-1.1,-3.1,1.5,0.0,7.7,England,South Africa,11,21,2010 Autumn International,Twickenham,England,False,False
2010-11-27,Saint-Denis,7149,Autumn,,-1.3,2.3,0.0,,France,Australia,16,59,2010 Autumn International,Stade de France,France,False,False
2010-11-28,Dublin,3969,Autumn,-4.7,-8.2,-1.6,1.0,12.6,Ireland,Argentina,29,9,2010 Autumn Internationals,Aviva Stadium,Ireland,False,False
2011-02-05,Saint-Denis,7149,Winter,10.0,8.9,11.0,0.0,21.2,France,Scotland,34,21,2011 Six Nations Championship,Stade de France,France,False,False
2011-02-05,Rome,16239,Winter,7.8,,16.4,0.0,,Italy,Ireland,11,13,2011 Six Nations Championship,Stadio Flaminio,Italy,False,False
2011-02-12,London,3772,Winter,8.4,4.7,11.4,2.8,14.6,England,Italy,59,13,2011 Six Nations Championship,Twickenham,England,False,False
2011-02-12,Edinburgh,3171,Winter,4.4,-0.3,7.0,7.9,12.5,Scotland,Wales,6,24,2011 Six Nations Championship,Murrayfield Stadium,Scotland,False,False
2011-02-13,Dublin,3969,Winter,6.3,1.8,9.3,2.0,15.6,Ireland,France,22,25,2011 Six Nations Championship,Aviva Stadium,Ireland,False,False
2011-02-26,Rome,16239,Winter,4.3,-0.2,14.8,0.0,,Italy,Wales,16,24,2011 Six Nations,Stadio Flaminio,Italy,False,False
2011-02-26,London,3772,Winter,8.6,5.5,10.9,6.1,19.8,England,France,17,9,2011 Six Nations Championship,Twickenham,England,False,False
2011-02-27,Edinburgh,3171,Winter,5.1,0.1,10.2,2.5,12.7,Scotland,Ireland,18,21,2011 Six Nations Championship,Murrayfield Stadium,Scotland,False,False
2011-03-12,Rome,16239,Spring,9.3,2.8,14.4,0.0,,Italy,France,22,21,2011 Six Nations Championship,Stadio Flaminio,Italy,False,False
2011-03-13,London,3772,Spring,8.8,4.6,10.6,0.3,9.8,England,Scotland,22,16,2011 Six Nations Championship,Twickenham Stadium,England,False,False
2011-03-19,Edinburgh,3171,Spring,4.5,-1.2,10.7,0.0,14.8,Scotland,Italy,21,8,2011 Six Nations Championship,Murrayfield,Scotland,False,False
2011-03-19,Paris,7149,Spring,7.5,5.6,9.3,0.0,18.3,France,Wales,28,9,2011 Six Nations Championship,Stade de France,France,False,False
2011-03-19,Dublin,3969,Spring,7.2,3.3,12.5,,15.9,Ireland,England,24,8,2011 Six Nations Championship,Aviva Stadium,Ireland,False,False
2011-07-23,Sydney,94767,Winter,10.7,9.1,13.9,47.4,27.2,Australia,South Africa,39,20,2011 Tri Nations Series,Stadium Australia,Australia,False,False
2011-07-30,Wellington,93439,Winter,9.1,,13.2,0.0,,New Zealand,South Africa,40,7,2011 Tri Nations Series,Westpac Stadium,New Zealand,False,False
2011-08-06,Auckland,93110,Winter,14.0,5.7,15.4,0.0,,New Zealand,Australia,30,14,2011 Tri Nations Series,Eden Park,New Zealand,False,False
2011-08-06,London,3772,Summer,16.6,14.3,20.6,0.0,15.6,England,Wales,23,19,2011 Rugby World Cup warm-up,Twickenham,England,False,False
2011-08-06,Edinburgh,3171,Summer,13.1,9.6,17.0,0.0,11.4,Scotland,Ireland,10,6,2011 Rugby World Cup warm-up tests,Murrayfield Stadium,Scotland,False,False
2011-08-13,Bordeaux,7510,Summer,22.6,17.3,30.0,0.2,6.3,France,Ireland,19,12,2011 Rugby World Cup warm up,Stade Chaban-Delmas,France,False,False
2011-08-20,Dublin,3969,Summer,14.5,10.7,18.7,0.0,15.0,Ireland,France,22,26,2011 Rugby World Cup warm up,Aviva Stadium,Ireland,False,False
2011-08-20,Edinburgh,3171,Summer,15.2,10.3,20.5,1.0,20.3,Scotland,Italy,23,12,2011 Rugby World Cup Warm up,Murrayfield,Scotland,False,False
2011-08-27,Dublin,3969,Summer,12.2,9.3,17.6,2.0,26.0,Ireland,England,9,20,2011 Rugby World Cup Warm-up,Aviva Stadium,Ireland,False,False
2011-08-27,Brisbane,94576,Winter,,16.1,20.3,5.2,,Australia,New Zealand,25,20,2011 Tri Nations Series,Lang Park,Australia,False,False
2011-09-11,Wellington,93439,Spring,12.5,10.6,15.9,0.0,,South Africa,Wales,17,16,2011 Rugby World Cup Pool match,Wellington Regional Stadium,New Zealand,True,True
2011-09-11,Auckland,93110,Spring,12.6,,16.4,11.7,,Australia,Italy,32,6,2011 Rugby World Cup Pool match,North Harbour Stadium,New Zealand,True,True
2011-09-17,Auckland,93110,Spring,11.8,,16.5,2.8,,Ireland,Australia,15,6,2011 Rugby World Cup,Eden Park,New Zealand,True,True
2011-09-24,Auckland,93110,Spring,13.9,7.9,17.8,0.0,,New Zealand,France,37,17,2011 Rugby World Cup,Eden Park,New Zealand,False,True
2011-09-25,Wellington,93439,Spring,8.1,,12.7,7.9,,Argentina,Scotland,13,12,2011 Rugby World Cup Pool match,Wellington Regional Stadium,New Zealand,True,True
2011-10-01,Auckland,93110,Spring,15.2,9.8,16.8,0.0,,England,Scotland,16,12,2011 Rugby World Cup Pool Match,Eden Park,New Zealand,True,True
2011-10-08,Wellington,93439,Spring,9.1,,12.8,3.0,,Wales,Ireland,22,10,2011 Rugby World Cup,Regional Stadium,New Zealand,True,True
2011-10-08,Auckland,93110,Spring,12.7,,17.1,0.3,,France,England,19,12,2011 Rugby World Cup quarter-final,Eden Park,New Zealand,True,True
2011-10-09,Auckland,93110,Spring,14.3,8.7,18.0,0.3,,New Zealand,Argentina,33,10,2011 Rugby World Cup Quarter-finals,Eden Park,New Zealand,False,True
2011-10-09,Wellington,93439,Spring,8.8,,12.2,0.3,,South Africa,Australia,9,11,2011 Rugby World Cup Quarter-final,	Wellington Regional Stadium,New Zealand,True,True
2011-10-15,Auckland,93110,Spring,14.1,9.8,18.7,2.3,,Wales,France,8,9,2011 rugby World Cup Semi-finals,Eden Park,New Zealand,True,True
2011-10-16,Auckland,93110,Spring,12.9,,17.6,0.8,,New Zealand,Australia,20,6,2011 Rugby World Cup Semi-final,Eden Park,New Zealand,False,True
2011-10-21,Auckland,93110,Spring,15.9,13.0,18.7,0.0,,Australia,Wales,21,18,2011 Rugby World Cup bronze final,Eden Park,New Zealand,True,True
2011-10-23,Auckland,93110,Spring,13.8,,18.7,0.0,,New Zealand,France,8,7,2011 Rugby World Cup Final,Eden Park,New Zealand,False,True
2012-02-04,Edinburgh,3171,Winter,0.9,-3.9,3.6,0.3,9.6,Scotland,England,6,13,2012 Six Nations Championship,Murrayfield Stadium,Scotland,False,False
2012-02-04,Saint-Denis,7149,Winter,-4.8,-7.6,-2.2,0.0,8.2,France,Italy,30,12,2012 Six Nations Championship,Stade de France,France,False,False
2012-02-05,Dublin,3969,Winter,4.7,2.5,7.1,0.0,17.3,Ireland,Wales,21,23,2012 Six Nations Championship,Aviva Stadium,Ireland,False,False
2012-02-11,Rome,16239,Winter,1.1,-0.4,6.6,5.1,,Italy,England,15,19,2012 Six Nations Championship,Stadio Olimpico,Italy,False,False
2012-02-25,London,3772,Winter,9.2,5.9,12.2,0.0,8.6,England,Wales,12,19,2012 Six Nations Championship,Twickenham,England,False,False
2012-02-25,Dublin,3969,Winter,6.4,1.7,9.7,,14.3,Ireland,Italy,42,10,2012 Six Nations Championship,Aviva Stadium,Ireland,False,False
2012-02-26,Edinburgh,3171,Winter,7.1,3.3,10.5,0.3,18.3,Scotland,France,17,23,2012 Six Nations Championship,Murrayfield,Scotland,False,False
2012-03-04,Saint-Denis,7149,Spring,7.9,6.6,10.8,3.8,15.2,France,Ireland,17,17,2012 Six Nations Championship,Stade de France,France,False,False
2012-03-10,Dublin,3969,Spring,11.2,9.9,12.3,0.0,26.1,Ireland,Scotland,32,14,2012 Six Nations Championship,Aviva Stadium,Ireland,False,False
2012-03-11,Saint-Denis,7149,Spring,10.2,8.8,13.2,0.0,11.8,France,England,22,24,2012 Six Nations Championship,Stade de France,France,False,False
2012-03-17,London,3772,Spring,8.9,6.9,11.1,1.0,15.1,England,Ireland,30,9,2012 Six Nations Championship,Twickenham,England,False,False
2012-03-17,Rome,16239,Spring,12.9,8.8,19.0,0.0,,Italy,Scotland,13,6,2012 Six Nations Championship,Stadio Olimpico,Italy,False,False
2012-06-09,Brisbane,94576,Winter,,12.7,20.3,0.0,,Australia,Wales,27,19,2012 Wales tour of Australia,Lang Park,Australia,False,False
2012-06-09,San Juan,87311,Winter,3.6,-4.5,14.0,,,Argentina,Italy,37,22,2012 June rugby union tests,Estadio Bicentenario,Argentina,False,False
2012-06-09,San Juan,78526,Summer,28.6,26.1,32.8,0.0,14.4,Argentina,Italy,37,22,2012 June rugby union tests,Estadio Bicentenario,Argentina,False,False
2012-06-09,Auckland,93110,Winter,13.7,9.8,17.0,9.9,,New Zealand,Ireland,42,10,2012 Ireland rugby union tour of New Zealand,Eden Park,New Zealand,False,False
2012-06-16,Melbourne,95866,Winter,,7.4,14.9,0.0,,Australia,Wales,25,23,2012 Wales tour of Australia,Docklands Stadium,Australia,False,False
2012-06-16,Christchurch,93781,Winter,0.3,,7.6,21.1,,New Zealand,Ireland,22,19,2012 Ireland rugby union tour of New Zealand,Rugby League Park,New Zealand,False,False
2012-06-16,Córdoba,87344,Winter,9.2,5.0,20.8,,11.5,Argentina,France,23,20,2012 France tour of Argentina,Estadio Mario Alberto Kempes,Argentina,False,False
2012-06-23,Hamilton,78016,Summer,24.7,23.1,26.6,0.0,17.3,New Zealand,Ireland,60,0,2012 Ireland rugby union tour of New Zealand,Waikato Stadium,New Zealand,False,False
2012-06-23,Hamilton,93119,Winter,14.1,8.0,16.0,,13.4,New Zealand,Ireland,60,0,2012 Ireland rugby union tour of New Zealand,Waikato Stadium,New Zealand,False,False
2012-06-23,Sydney,94767,Winter,11.0,8.5,17.1,0.0,,Australia,Wales,20,19,2012 Wales tour of Australia,Sydney Football Stadium,Australia,False,False
2012-08-18,Sydney,94767,Winter,13.7,10.1,19.1,0.0,30.5,Australia,New Zealand,19,27,2012 Rugby Championship,Stadium Australia,Australia,False,False
2012-08-18,Cape Town,68816,Winter,9.9,2.7,17.1,,8.7,South Africa,Argentina,27,6,2012 Rugby Championship,Newlands Stadium,South Africa,False,False
2012-08-25,Auckland,93110,Winter,12.5,6.0,16.4,0.0,,New Zealand,Australia,22,0,2012 Rugby Championship,Eden Park,New Zealand,False,False
2012-09-08,Wellington,93439,Spring,12.6,,16.5,0.5,,New Zealand,Argentina,21,5,2012 Rugby Championship,Westpac Stadium,New Zealand,False,False
2012-09-08,Perth,94614,Spring,,11.0,26.1,0.0,,Australia,South Africa,26,19,2012 Rugby Championship,Subiaco Oval,Australia,False,False
2012-09-29,Pretoria,68263,Spring,13.3,,28.4,0.0,,South Africa,Australia,31,8,2012 Rugby Championship,Loftus Versfeld Stadium,South Africa,False,False
2012-09-29,La Plata,87593,Spring,16.6,,19.9,,,Argentina,New Zealand,15,54,2012 Rugby Championship,Estadio Único,Argentina,False,False
2012-10-20,Brisbane,94576,Spring,,16.7,30.2,0.0,,Australia,New Zealand,18,18,2012 Autumn International,Lang Park,Australia,False,False
2012-11-10,Dublin,3969,Autumn,4.9,2.2,8.2,0.0,18.9,Ireland,South Africa,12,16,2012 end-of-year test,Aviva Stadium,Ireland,False,False
2012-11-10,Saint-Denis,7149,Autumn,10.6,8.0,13.9,4.9,12.0,France,Australia,33,6,2012 Autumn International,Stade de France,France,False,False
2012-11-11,Edinburgh,3171,Autumn,4.3,1.3,8.0,0.3,13.2,Scotland,New Zealand,22,51,2012 Autumn International,Murrayfield,Scotland,False,False
2012-11-17,Lille,7015,Autumn,6.2,2.5,8.6,0.0,14.0,France,Argentina,39,22,2012 Autumn International,Grand Stade Lille Métropole,France,False,False
2012-11-17,London,3772,Autumn,10.6,7.7,12.6,0.0,10.3,England,Australia,14,20,2012 Autumn International,Twickenham Stadium,England,False,False
2012-11-17,Edinburgh,3171,Autumn,5.0,2.0,7.5,0.5,17.2,Scotland,South Africa,10,21,2012 Autumn International,Murrayfield,Scotland,False,False
2012-11-17,Rome,16239,Autumn,12.2,,16.2,0.0,,Italy,New Zealand,10,42,2012 end-of-year internationals,Stadio Olimpico,Italy,False,False
2012-11-24,Dublin,3969,Autumn,2.5,-2.2,5.6,0.0,10.5,Ireland,Argentina,46,24,2012 Autumn Internationals,Aviva Stadium,Ireland,False,False
2012-11-24,London,3772,Autumn,6.6,2.5,9.8,0.0,12.6,England,South Africa,15,16,2012 Autumn International,Twickenham,England,False,False
2012-12-01,London,3772,Winter,1.6,-1.3,6.2,0.0,10.0,England,New Zealand,38,21,2012 Autumn International,Twickenham,England,False,False
2013-02-02,London,3772,Winter,3.8,0.8,5.7,3.6,15.9,England,Scotland,38,18,2013 Six Nations Championship,Twickenham Stadium,England,False,False
2013-02-03,Rome,16239,Winter,7.2,,10.4,2.0,,Italy,France,23,18,2013 Six Nations Championship,Stadio Olimpico,Italy,False,False
2013-02-09,Edinburgh,3171,Winter,3.7,2.1,4.8,0.3,7.5,Scotland,Italy,34,10,2013 Six Nations Championship,Murrayfield,Scotland,False,False
2013-02-09,Paris,7149,Winter,0.7,-0.5,4.7,0.4,5.7,France,Wales,6,16,2013 Six Nations Championship,Stade de France,France,False,False
2013-02-10,Dublin,3969,Winter,5.8,5.7,7.2,9.2,17.0,Ireland,England,6,12,2013 Six Nations Championship,Aviva Stadium,Ireland,False,False
2013-02-23,London,3772,Winter,0.9,0.1,2.5,0.0,14.0,England,France,23,13,2013 Six Nations Championship,Twickenham,England,False,False
2013-02-23,Rome,16239,Winter,8.0,2.4,12.0,23.1,,Italy,Wales,9,26,2013 Six Nations,Stadio Olimpico,Italy,False,False
2013-02-24,Edinburgh,3171,Winter,2.6,0.2,6.5,0.3,9.6,Scotland,Ireland,12,8,2013 Six Nations Championship,Murrayfield Stadium,Scotland,False,False
2013-03-09,Edinburgh,3171,Spring,3.6,2.9,4.3,4.1,30.8,Scotland,Wales,18,28,2013 Six Nations Championship,Murrayfield Stadium,Scotland,False,False
2013-03-09,Dublin,3969,Spring,5.7,7.0,7.2,3.0,22.8,Ireland,France,13,13,2013 Six Nations Championship,Aviva Stadium,Ireland,False,False
2013-03-10,London,3772,Spring,2.7,1.0,4.2,0.3,19.1,England,Italy,18,11,2013 Six Nations Championship,Twickenham,England,False,False
2013-03-16,Saint-Denis,7149,Spring,4.9,1.9,9.3,6.0,17.9,France,Scotland,23,16,2013 Six Nations Championship,Stade de France,France,False,False
2013-03-16,Rome,16239,Spring,4.6,-1.2,10.2,0.0,,Italy,Ireland,22,15,2013 Six Nations Championship,Stadio Olimpico,Italy,False,False
2013-06-08,Auckland,93110,Winter,13.9,7.8,17.1,0.0,,New Zealand,France,23,13,2013 French tour to New Zealand,Eden Park,New Zealand,False,False
2013-06-15,Buenos Aires,87582,Winter,11.4,8.2,,,,Argentina,England,26,51,2013 England tour of Argentina,Vélez Sársfield,Argentina,False,False
2013-06-15,Nelspruit,68296,Winter,14.5,1.1,28.3,,,South Africa,Scotland,30,17,South African Quadrangular tournament,Mbombela Stadium,South Africa,False,False
2013-06-15,Christchurch,93781,Winter,7.2,2.7,8.2,0.0,,New Zealand,France,30,0,2013 French tour to New Zealand,Rugby League Park,New Zealand,False,False
2013-06-22,Pretoria,68263,Winter,13.8,,22.6,,,Scotland,Italy,30,29,South African Quadrangular tournament third place final,Loftus Versfeld,South Africa,True,False
2013-06-22,New Plymouth,93309,Winter,7.8,2.5,13.1,0.5,,New Zealand,France,24,9,2013 French tour to New Zealand,Yarrow Stadium,New Zealand,False,False
2013-08-17,Sydney,94767,Winter,17.2,12.0,25.5,0.0,24.6,Australia,New Zealand,29,47,2013 Rugby Championship,Stadium Australia,Australia,False,False
2013-08-24,Wellington,93439,Winter,12.6,9.8,15.3,,,New Zealand,Australia,27,16,2013 Rugby Championship,Wellington Regional Stadium,New Zealand,False,False
2013-09-07,Hamilton,78016,Autumn,26.4,22.7,29.0,0.0,10.4,New Zealand,Argentina,28,13,2013 Rugby Championship,Waikato Stadium,New Zealand,False,False
2013-09-07,Hamilton,93119,Spring,14.2,12.0,16.0,,20.8,New Zealand,Argentina,28,13,2013 Rugby Championship,Waikato Stadium,New Zealand,False,False
2013-09-07,Brisbane,94576,Spring,,12.3,25.6,0.0,,Australia,South Africa,12,38,2013 Rugby Championship,Lang Park,Australia,False,False
2013-09-14,Perth,94614,Spring,,11.6,16.3,39.4,,Australia,Argentina,14,13,2013 Rugby Championship,Subiaco Oval,Australia,False,False
2013-09-14,Auckland,93110,Spring,11.6,,14.9,8.4,,New Zealand,South Africa,29,15,2013 Rugby Championship,Eden Park,New Zealand,False,False
2013-09-28,La Plata,87593,Spring,14.6,12.6,18.2,0.0,,Argentina,New Zealand,15,33,2013 Rugby Championship,Estadio Único,Argentina,False,False
2013-09-28,Cape Town,68816,Spring,12.9,9.1,16.6,0.8,13.5,South Africa,Australia,28,8,2013 Rugby Championship,Newlands Stadium,South Africa,False,False
2013-11-02,London,3772,Autumn,11.9,10.1,15.8,0.5,22.0,England,Australia,20,13,2013 Autumn International,Twickenham Stadium,England,False,False
2013-11-09,Saint-Denis,7149,Autumn,8.3,5.4,10.5,22.7,16.7,France,New Zealand,19,26,2013 end-of year test,Stade de France,France,False,False
2013-11-09,Turin,16061,Autumn,10.9,9.6,13.8,0.3,8.4,Italy,Australia,20,50,2013 Autumn International,Stadio Olimpico di Torino,Italy,False,False
2013-11-09,London,3772,Autumn,5.7,3.9,8.2,8.6,10.1,England,Argentina,31,12,2013 Autumn International,Twickenham,England,False,False
2013-11-16,Dublin,3969,Autumn,9.8,7.9,11.1,1.5,18.6,Ireland,Australia,15,32,2013 Autumn International,Lansdowne Road,Ireland,False,False
2013-11-16,London,3772,Autumn,4.9,1.1,10.0,0.0,5.3,England,New Zealand,22,30,2013 Autumn International,Twickenham,England,False,False
2013-11-17,Edinburgh,3171,Autumn,3.8,-1.1,6.6,0.0,5.1,Scotland,South Africa,0,28,2013 Autumn International,Murrayfield,Scotland,False,False
2013-11-23,Saint-Denis,7149,Autumn,5.5,4.5,6.4,0.0,16.0,France,South Africa,10,19,2013 end-of-year test,Stade de France,France,False,False
2013-11-23,Rome,16239,Autumn,7.4,6.8,9.0,23.9,,Italy,Argentina,14,19,2013 end of year test,Stadio Olimpico,Italy,False,False
2013-11-23,Edinburgh,3171,Autumn,2.9,-0.5,8.1,0.0,10.7,Scotland,Australia,15,21,2013 Autumn International,Murrayfield Stadium,Scotland,False,False
2013-11-24,Dublin,3969,Autumn,6.2,1.9,8.1,0.0,10.1,Ireland,New Zealand,22,24,2013 Autumn International,Aviva Stadium,Ireland,False,False
2014-02-01,Saint-Denis,7149,Winter,6.9,5.8,9.0,2.6,19.1,France,England,26,24,2014 Six Nations Championship,Stade de France,France,False,False
2014-02-02,Dublin,3969,Winter,6.4,3.3,9.1,3.4,32.0,Ireland,Scotland,28,6,2014 Six Nations Championship,Aviva Stadium,Ireland,False,False
2014-02-08,Dublin,3969,Winter,6.9,1.5,9.6,4.0,34.8,Ireland,Wales,26,3,2014 Six Nations Championship,Aviva Stadium,Ireland,False,False
2014-02-08,Edinburgh,3171,Winter,5.7,0.6,7.4,5.3,27.9,Scotland,England,0,20,2014 Six Nations Championship,Murrayfield Stadium,Scotland,False,False
2014-02-09,Saint-Denis,7149,Winter,6.0,3.8,9.2,0.0,25.5,France,Italy,30,10,2014 Six Nations Championship,Stade de France,France,False,False
2014-02-22,Rome,16239,Winter,11.4,,,1.0,,Italy,Scotland,20,21,2014 Six Nations Championship,Stadio Olimpico,Italy,False,False
2014-02-22,London,3772,Winter,8.1,4.6,10.9,0.0,22.2,England,Ireland,13,10,2014 Six Nations Championship,Twickenham,England,False,False
2014-03-08,Edinburgh,3171,Spring,7.5,1.0,12.0,0.5,25.9,Scotland,France,17,19,2014 Six Nations Championship,Murrayfield,Scotland,False,False
2014-03-08,Dublin,3969,Spring,9.6,2.8,12.2,0.0,36.3,Ireland,Italy,46,7,2014 Six Nations Championship,Aviva Stadium,Ireland,False,False
2014-03-09,London,3772,Spring,12.3,5.8,19.2,0.0,12.2,England,Wales,29,18,2014 Six Nations Championship,Twickenham,England,False,False
2014-03-15,Rome,16239,Spring,12.3,,18.0,0.0,,Italy,England,11,52,2014 Six Nations Championship,Stadio Olimpico,Italy,False,False
2014-03-15,Saint-Denis,7149,Spring,10.6,6.7,15.5,0.0,15.7,France,Ireland,20,22,2014 Six Nations Championship,Stade de France,France,False,False
2014-06-07,Resistencia,87155,Winter,17.8,14.1,,0.0,,Argentina,Ireland,17,29,2014 Ireland rugby union tour of Argentina,Estadio Centenario,Argentina,False,False
2014-06-07,Auckland,93110,Winter,13.0,,18.3,0.0,,New Zealand,England,20,15,2014 England rugby union tour of New Zealand,Eden Park,New Zealand,False,False
2014-06-07,Brisbane,94576,Winter,,13.3,24.4,0.0,,Australia,France,50,23,2014 France tour of Australia,Lang Park,Australia,False,False
2014-06-14,Melbourne,95866,Winter,,8.7,15.4,0.2,,Australia,France,6,0,2014 France tour of Australia,Docklands Stadium,Australia,False,False
2014-06-21,Sydney,94767,Winter,14.6,10.2,20.3,0.0,13.1,Australia,France,39,13,2014 France tour of Australia,Sydney Football Stadium,Australia,False,False
2014-06-21,Nelspruit,68296,Winter,12.6,4.1,25.6,,,South Africa,Wales,31,30,2014 Wales tour of South Africa,Mbombela Stadium,South Africa,False,False
2014-06-21,Hamilton,78016,Summer,26.1,23.3,28.6,0.0,31.7,New Zealand,England,36,13,2014 England rugby union tour of New Zealand,Waikato Stadium,New Zealand,False,False
2014-06-21,Hamilton,93119,Winter,14.1,9.0,16.0,,12.2,New Zealand,England,36,13,2014 England rugby union tour of New Zealand,Waikato Stadium,New Zealand,False,False
2014-06-21,Córdoba,87344,Winter,14.3,5.4,20.5,,24.1,Argentina,Scotland,19,21,2014 Summer International,Estadio Mario Alberto Kempes,Argentina,False,False
2014-08-16,Sydney,94767,Winter,14.4,7.9,16.8,0.0,11.9,Australia,New Zealand,12,12,2014 Rugby Championship,Stadium Australia,Australia,False,False
2014-08-16,Pretoria,68263,Winter,13.4,11.6,24.5,,,South Africa,Argentina,13,6,2014 Rugby Championship,Loftus Versfeld Stadium,South Africa,False,False
2014-08-23,Auckland,93110,Winter,10.3,,15.0,0.0,,New Zealand,Australia,51,20,2014 Rugby Championship,Eden Park,New Zealand,False,False
2014-09-06,Perth,94614,Spring,,16.3,22.2,1.2,,Australia,South Africa,24,23,2014 Rugby Championship,Subiaco Oval,Australia,False,False
2014-09-13,Wellington,93439,Spring,11.8,,17.6,2.0,,New Zealand,South Africa,14,10,2014 Rugby Championship,Westpac Stadium,New Zealand,False,False
2014-09-27,La Plata,87593,Spring,11.5,3.1,,0.0,,Argentina,New Zealand,13,34,2014 Rugby Championship,Estadio Único,Argentina,False,False
2014-09-27,Cape Town,68816,Spring,12.4,7.4,17.0,0.5,18.7,South Africa,Australia,28,10,2014 Rugby Championship,Newlands Stadium,South Africa,False,False
2014-10-18,Brisbane,94576,Spring,,16.1,26.5,0.0,,Australia,New Zealand,28,29,2014 Autumn International,Lang Park,Australia,False,False
2014-11-08,Edinburgh,3171,Autumn,7.4,2.7,9.5,2.5,12.6,Scotland,Argentina,41,31,2014 Autumn International,Murrayfield Stadium,Scotland,False,False
2014-11-08,London,3772,Autumn,10.9,7.6,14.5,4.8,18.8,England,New Zealand,21,24,2014 Autumn International,Twickenham,England,False,False
2014-11-08,Dublin,3969,Autumn,6.9,5.1,9.3,10.2,18.6,Ireland,South Africa,29,15,2014 end-of-year test,Aviva Stadium,Ireland,False,False
2014-11-15,Genoa,16153,Autumn,13.4,11.5,15.6,87.9,32.2,Italy,Argentina,18,20,2014 end of year test,Stadio Luigi Ferraris,Italy,False,False
2014-11-15,Saint-Denis,7149,Autumn,10.3,9.3,13.0,0.2,7.6,France,Australia,29,26,2014 Autumn International,Stade de France,France,False,False
2014-11-15,London,3772,Autumn,9.7,6.4,13.2,9.9,7.4,England,South Africa,28,31,2014 Autumn International,Twickenham,England,False,False
2014-11-15,Edinburgh,3171,Autumn,7.3,2.8,9.1,20.8,6.6,Scotland,New Zealand,16,24,2014 Autumn International,Murrayfield,Scotland,False,False
2014-11-22,Saint-Denis,7149,Autumn,9.8,5.3,15.4,0.0,3.7,France,Argentina,13,18,2014 Autumn International,Stade de France,France,False,False
2014-11-22,Dublin,3969,Autumn,9.1,8.8,10.8,0.3,16.7,Ireland,Australia,26,23,2014 Autumn International,Lansdowne Road,Ireland,False,False
2014-11-29,London,3772,Autumn,10.6,7.3,13.5,0.5,7.9,England,Australia,26,17,2014 Autumn International,Twickenham Stadium,England,False,False
2015-02-07,Rome,16239,Winter,6.9,0.0,,0.5,,Italy,Ireland,3,26,2015 Six Nations Championship,Stadio Olimpico,Italy,False,False
2015-02-07,Saint-Denis,7149,Winter,1.4,-2.4,5.1,0.0,20.9,France,Scotland,15,8,2015 Six Nations Championship,Stade de France,France,False,False
2015-02-14,Dublin,3969,Winter,6.1,3.5,10.1,0.0,14.3,Ireland,France,18,11,2015 Six Nations Championship,Aviva Stadium,Ireland,False,False
2015-02-14,London,3772,Winter,6.6,4.2,8.4,7.1,10.1,England,Italy,47,17,2015 Six Nations Championship,Twickenham,England,False,False
2015-02-15,Edinburgh,3171,Winter,6.3,4.8,9.2,0.5,18.4,Scotland,Wales,23,26,2015 Six Nations Championship,Murrayfield Stadium,Scotland,False,False
2015-02-28,Edinburgh,3171,Winter,7.0,4.9,9.0,0.5,24.9,Scotland,Italy,19,22,2015 Six Nations Championship,Murrayfield,Scotland,False,False
2015-02-28,Paris,7149,Winter,4.8,-0.7,10.1,3.6,15.1,France,Wales,13,20,2015 Six Nations Championship,Stade de France,France,False,False
2015-03-01,Dublin,3969,Spring,3.5,3.3,5.8,8.2,32.5,Ireland,England,19,9,2015 Six Nations Championship,Aviva Stadium,Ireland,False,False
2015-03-14,London,3772,Spring,5.7,2.8,8.7,0.0,17.5,England,Scotland,25,13,2015 Six Nations Championship,Twickenham Stadium,England,False,False
2015-03-15,Rome,16239,Spring,9.1,,11.8,1.0,,Italy,France,0,29,2015 Six Nations Championship,Stadio Olimpico,Italy,False,False
2015-03-21,Edinburgh,3171,Spring,5.6,1.2,8.8,0.0,11.7,Scotland,Ireland,10,40,2015 Six Nations Championship,Murrayfield Stadium,Scotland,False,False
2015-03-21,Rome,16239,Spring,10.2,,14.0,0.0,,Italy,Wales,20,61,2015 Six Nations,Stadio Olimpico,Italy,False,False
2015-03-21,London,3772,Spring,7.2,5.0,8.9,0.0,13.9,England,France,55,35,2015 Six Nations Championship,Twickenham,England,False,False
2015-07-17,Christchurch,93781,Winter,5.7,,10.2,0.5,,New Zealand,Argentina,39,18,2015 Rugby Championship,AMI Stadium,New Zealand,False,False
2015-07-18,Brisbane,94576,Winter,,6.9,19.4,0.0,,Australia,South Africa,24,20,2015 Rugby Championship,Lang Park,Australia,False,False
2015-08-08,Sydney,94767,Winter,10.9,7.1,15.0,0.0,17.7,Australia,New Zealand,27,19,2015 Rugby Championship,Stadium Australia,Australia,False,False
2015-08-15,London,3772,Summer,16.8,14.2,20.7,1.5,10.5,England,France,19,14,2015 Rugby World Cup warm-up,Twickenham,England,False,False
2015-08-15,Dublin,3969,Summer,11.6,7.0,17.4,0.0,15.5,Ireland,Scotland,28,22,2015 Rugby World Cup warm-up tests,Aviva Stadium,Ireland,False,False
2015-08-15,Buenos Aires,87582,Winter,12.4,9.2,17.0,0.5,11.1,Argentina,South Africa,12,26,2015 Rugby World Cup warm-up match,José Amalfitani Stadium,Argentina,False,False
2015-08-15,Auckland,93110,Winter,11.9,8.8,14.9,10.4,,New Zealand,Australia,41,13,2015 Rugby World Cup warm-up match,Eden Park,New Zealand,False,False
2015-08-22,Turin,16061,Summer,19.3,15.8,22.4,0.0,4.3,Italy,Scotland,12,16,2015 Rugby World Cup warm-ups,Stadio Olimpico di Torino,Italy,False,False
2015-08-22,Saint-Denis,7149,Summer,23.8,15.1,30.8,0.0,9.3,France,England,25,20,2015 Rugby World Cup warm-up,Stade de France,France,False,False
2015-08-29,Dublin,3969,Summer,14.2,11.0,19.0,3.4,16.8,Ireland,Wales,10,16,2015 Rugby World Cup warm-up tests,Aviva Stadium,Ireland,False,False
2015-08-29,Edinburgh,3171,Summer,15.2,12.1,19.8,0.5,23.6,Scotland,Italy,48,7,2015 Rugby World Cup warm-ups,Murrayfield,Scotland,False,False
2015-09-05,London,3772,Autumn,12.7,9.6,16.3,0.5,10.2,England,Ireland,21,13,2015 Rugby World Cup Warm-up,Twickenham,England,False,False
2015-09-05,Saint-Denis,7149,Autumn,14.7,11.1,19.6,2.4,10.7,France,Scotland,19,16,2015 Rugby World Cup warm-up,Stade de France,France,False,False
2015-09-19,London,3772,Autumn,14.5,10.7,19.6,9.7,6.0,France,Italy,32,10,2015 Rugby World Cup Pool D,Twickenham Stadium,England,True,True
2015-09-20,London,3772,Autumn,14.0,9.3,20.2,0.0,10.2,New Zealand,Argentina,26,16,2015 Rugby World Cup Pool match,Wembley Stadium,England,True,True
2015-09-26,London,3772,Autumn,12.3,6.7,18.0,0.0,7.0,England,Wales,25,28,2015 Rugby World Cup Pool A,Twickenham,England,False,True
2015-10-03,London,3772,Autumn,11.8,8.4,16.7,0.0,6.5,England,Australia,13,33,2015 Rugby World Cup Pool match,Twickenham Stadium,England,False,True
2015-10-04,London,3772,Autumn,12.1,7.7,18.2,0.0,9.4,Ireland,Italy,16,9,2015 Rugby World Cup Pool D,Olympic Stadium,England,True,True
2015-10-10,London,3772,Autumn,12.1,8.0,16.2,0.0,10.3,Australia,Wales,15,6,2015 Rugby World Cup Pool match,Twickenham Stadium,England,True,True
2015-10-17,London,3772,Autumn,11.4,10.6,12.8,0.0,14.3,South Africa,Wales,23,19,2015 Rugby World Cup Quarter-final,Twickenham Stadium,England,True,True
2015-10-18,London,3772,Autumn,12.4,10.9,15.7,0.0,9.6,Australia,Scotland,35,34,2015 Rugby World Cup Quarter-final,Twickenham Stadium,England,True,True
2015-10-24,London,3772,Autumn,11.5,8.2,13.7,0.0,12.0,South Africa,New Zealand,18,20,2015 Rugby World Cup Semi-final,Twickenham Stadium,England,True,True
2015-10-25,London,3772,Autumn,7.0,4.1,12.0,3.3,7.8,Argentina,Australia,15,29,2015 Rugby World Cup Semi-finals,Twickenham,England,True,True
2015-10-30,London,3772,Autumn,14.1,11.4,16.3,4.8,16.0,South Africa,Argentina,24,13,2015 Rugby World Cup Bronze final,Olympic Stadium,England,True,True
2015-10-31,London,3772,Autumn,12.6,9.9,18.3,2.8,7.1,New Zealand,Australia,34,17,2015 Rugby World Cup Final,Twickenham Stadium,England,True,True
2016-02-06,Saint-Denis,7149,Winter,10.4,6.5,14.3,0.8,18.3,France,Italy,23,21,2016 Six Nations Championship,Stade de France,France,False,False
2016-02-06,Edinburgh,3171,Winter,4.6,1.1,6.8,1.8,18.2,Scotland,England,9,15,2016 Six Nations Championship,Murrayfield Stadium,Scotland,False,False
2016-02-07,Dublin,3969,Winter,4.9,2.5,8.9,7.1,36.4,Ireland,Wales,16,16,2016 Six Nations Championship,Aviva Stadium,Ireland,False,False
2016-02-13,Saint-Denis,7149,Winter,6.1,3.2,9.0,13.9,14.5,France,Ireland,10,9,2016 Six Nations Championship,Stade de France,France,False,False
2016-02-14,Rome,16239,Winter,13.8,11.0,16.0,,17.3,Italy,England,9,40,2016 Six Nations Championship,Stadio Olimpico,Italy,False,False
2016-02-27,Rome,16239,Winter,13.1,11.0,15.0,,26.7,Italy,Scotland,20,36,2016 Six Nations Championship,Stadio Olimpico,Italy,False,False
2016-02-27,London,3772,Winter,4.6,3.0,6.1,0.0,16.5,England,Ireland,21,10,2016 Six Nations Championship,Twickenham,England,False,False
2016-03-12,Dublin,3969,Spring,11.2,9.5,14.8,0.0,16.2,Ireland,Italy,58,15,2016 Six Nations Championship,Aviva Stadium,Ireland,False,False
2016-03-12,London,3772,Spring,6.2,2.8,10.8,0.0,5.4,England,Wales,25,21,2016 Six Nations Championship,Twickenham,England,False,False
2016-03-13,Edinburgh,3171,Spring,8.7,4.1,12.7,0.0,12.1,Scotland,France,29,18,2016 Six Nations Championship,Murrayfield,Scotland,False,False
2016-03-19,Saint-Denis,7149,Spring,5.5,3.4,6.5,0.0,17.4,France,England,21,31,2016 Six Nations Championship,Stade de France,France,False,False
2016-03-19,Dublin,3969,Spring,5.7,3.3,7.6,0.0,14.3,Ireland,Scotland,35,25,2016 Six Nations Championship,Aviva Stadium,Ireland,False,False
2016-05-29,London,3772,Spring,13.8,9.3,19.0,0.0,14.0,England,Wales,27,13,2016 Summer International,Twickenham,England,False,False
2016-06-11,Brisbane,94576,Winter,,12.8,23.7,0.0,,Australia,England,28,39,2016 England tour of Australia,Lang Park,Australia,False,False
2016-06-11,Auckland,93110,Winter,14.3,11.3,17.7,1.8,,New Zealand,Wales,39,21,2016 Wales tour of New Zealand,Eden Park,New Zealand,False,False
2016-06-11,Cape Town,68816,Winter,11.3,5.0,18.0,,14.9,South Africa,Ireland,20,26,2016 Ireland rugby union tour of South Africa,Newlands,South Africa,False,False
2016-06-11,Santa Fe,72365,Summer,26.9,19.4,33.3,0.0,11.2,Argentina,Italy,30,24,2016 mid year test,Estadio B.G Estanislao López,Argentina,False,False
2016-06-18,Melbourne,95866,Winter,,9.6,12.4,8.8,,Australia,England,7,23,2016 England tour of Australia,Melbourne Rectangular Stadium,Australia,False,False
2016-06-18,Wellington,93439,Winter,13.2,11.5,14.4,0.0,,New Zealand,Wales,36,22,2016 Wales tour of New Zealand,Wellington Regional Stadium,New Zealand,False,False
2016-06-25,Sydney,94767,Winter,9.6,6.8,13.6,0.0,27.1,Australia,England,40,44,2016 England tour of Australia,Sydney Football Stadium,Australia,False,False
2016-08-20,Sydney,94767,Winter,12.6,10.0,18.4,0.4,,Australia,New Zealand,8,42,2016 Rugby Championship,Stadium Australia,Australia,False,False
2016-08-27,Salta,87047,Winter,17.6,10.2,31.0,,9.4,Argentina,South Africa,26,24,2016 Rugby Championship,Estadio Padre Ernesto Martearena,Argentina,False,False
2016-08-27,Wellington,93439,Winter,10.7,,13.1,6.6,,New Zealand,Australia,29,9,2016 Rugby Championship,Wellington Regional Stadium,New Zealand,False,False
2016-09-10,Hamilton,78016,Autumn,28.9,27.0,31.0,0.0,14.0,New Zealand,Argentina,57,22,2016 Rugby Championship,Waikato Stadium,New Zealand,False,False
2016-09-10,Hamilton,93119,Spring,9.8,7.0,14.0,,16.5,New Zealand,Argentina,57,22,2016 Rugby Championship,Waikato Stadium,New Zealand,False,False
2016-09-10,Brisbane,94576,Spring,,16.2,23.3,7.2,,Australia,South Africa,23,17,2016 Rugby Championship,Lang Park,Australia,False,False
2016-09-17,Christchurch,93781,Spring,10.6,,18.9,0.0,,New Zealand,South Africa,41,13,2016 Rugby Championship,Rugby League Park,New Zealand,False,False
2016-09-17,Perth,94614,Spring,,7.3,17.9,0.0,,Australia,Argentina,36,20,2016 Rugby Championship,Perth Oval,Australia,False,False
2016-10-01,Buenos Aires,87582,Spring,15.2,12.0,18.0,0.0,21.8,Argentina,New Zealand,17,36,2016 Rugby Championship,José Amalfitani Stadium,Argentina,False,False
2016-10-01,Pretoria,68263,Spring,21.4,13.5,29.5,,,South Africa,Australia,18,10,2016 Rugby Championship,Loftus Versfeld Stadium,South Africa,False,False
2016-10-08,London,3772,Autumn,13.1,12.1,16.3,0.0,9.2,Argentina,Australia,21,33,2016 Rugby Championship,Twickenham,England,True,False
2016-10-22,Auckland,93110,Spring,13.7,,17.2,0.5,,New Zealand,Australia,37,10,2016 Autumn International,Eden Park,New Zealand,False,False
2016-11-12,Rome,16239,Autumn,8.5,6.0,12.0,,11.1,Italy,New Zealand,10,68,2016 end-of-year internationals,Stadio Olimpico,Italy,False,False
2016-11-12,Edinburgh,3171,Autumn,7.9,1.7,11.6,8.4,11.6,Scotland,Australia,22,23,2016 Autumn International,Murrayfield Stadium,Scotland,False,False
2016-11-12,London,3772,Autumn,8.8,2.7,10.5,0.0,9.9,England,South Africa,37,21,2016 Autumn International,Twickenham,England,False,False
2016-11-19,Edinburgh,3171,Autumn,-0.1,-3.6,3.6,0.3,13.1,Scotland,Argentina,19,16,2016 Autumn International,Murrayfield Stadium,Scotland,False,False
2016-11-19,Florence,16134,Autumn,2.5,1.0,3.6,23.9,19.4,Italy,South Africa,20,18,2016 end-of-year test,Stadio Artemio Franchi,Italy,False,False
2016-11-19,Saint-Denis,7149,Autumn,6.7,3.5,11.7,0.8,15.1,France,Australia,23,25,2016 Autumn International,Stade de France,France,False,False
2016-11-19,Dublin,3969,Autumn,1.4,0.9,5.4,0.0,18.0,Ireland,New Zealand,9,21,2016 Autumn International,Aviva Stadium,Ireland,False,False
2016-11-26,Dublin,3969,Autumn,5.2,3.5,8.9,0.0,9.9,Ireland,Australia,27,24,2016 Autumn International,Lansdowne Road,Ireland,False,False
2016-11-26,Saint-Denis,7149,Autumn,8.8,7.5,10.4,0.0,7.9,France,New Zealand,19,24,2016 end-of year test,Stade de France,France,False,False
2016-11-26,London,3772,Autumn,5.4,3.1,9.0,0.0,8.7,England,Argentina,27,14,2016 Autumn International,Twickenham,England,False,False
2016-12-03,London,3772,Winter,5.7,2.6,9.1,0.3,11.7,England,Australia,37,21,2016 Autumn International,Twickenham Stadium,England,False,False
2017-02-04,Edinburgh,3171,Winter,4.9,1.7,7.4,4.3,25.0,Scotland,Ireland,27,22,2017 Six Nations Championship,Murrayfield Stadium,Scotland,False,False
2017-02-04,London,3772,Winter,5.1,1.9,9.8,2.0,8.3,England,France,19,16,2017 Six Nations Championship,Twickenham,England,False,False
2017-02-05,Rome,16239,Winter,13.4,11.0,15.5,,18.6,Italy,Wales,7,33,2017 Six Nations,Stadio Olimpico,Italy,False,False
2017-02-11,Rome,16239,Winter,10.4,5.1,16.8,,7.7,Italy,Ireland,10,63,2017 Six Nations Championship,Stadio Olimpico,Italy,False,False
2017-02-12,Saint-Denis,7149,Winter,3.5,-1.2,8.4,0.4,12.3,France,Scotland,22,16,2017 Six Nations Championship,Stade de France,France,False,False
2017-02-25,Dublin,3969,Winter,9.3,4.2,14.1,0.1,29.1,Ireland,France,19,9,2017 Six Nations Championship,Aviva Stadium,Ireland,False,False
2017-02-25,Edinburgh,3171,Winter,7.8,2.4,12.2,2.0,31.4,Scotland,Wales,29,13,2017 Six Nations Championship,Murrayfield Stadium,Scotland,False,False
2017-02-26,London,3772,Winter,10.3,7.9,12.7,1.3,26.6,England,Italy,36,15,2017 Six Nations Championship,Twickenham,England,False,False
2017-03-11,London,3772,Spring,12.3,10.2,16.9,0.0,10.7,England,Scotland,61,21,2017 Six Nations Championship,Twickenham Stadium,England,False,False
2017-03-11,Rome,16239,Spring,10.8,6.0,16.7,,22.0,Italy,France,18,40,2017 Six Nations Championship,Stadio Olimpico,Italy,False,False
2017-03-18,Edinburgh,3171,Spring,5.8,1.1,8.0,3.0,6.3,Scotland,Italy,29,0,2017 Six Nations Championship,Murrayfield,Scotland,False,False
2017-03-18,Paris,7149,Spring,10.6,6.0,14.7,0.0,22.2,France,Wales,20,18,2017 Six Nations Championship,Stade de France,France,False,False
2017-03-18,Dublin,3969,Spring,11.5,6.8,12.9,1.2,36.0,Ireland,England,13,9,2017 Six Nations Championship,Aviva Stadium,Ireland,False,False
2017-06-10,San Juan,87311,Winter,13.3,4.0,,,,Argentina,England,34,38,2017 England tour of Argentina,Estadio Bicentenario,Argentina,False,False
2017-06-10,San Juan,78526,Summer,28.0,25.6,31.7,1.0,14.8,Argentina,England,34,38,2017 England tour of Argentina,Estadio Bicentenario,Argentina,False,False
2017-06-10,Singapore,48698,Summer,28.4,27.0,32.0,0.0,10.8,Italy,Scotland,13,34,2017 mid-year test,National Stadium,Singapore,True,False
2017-06-10,Pretoria,68263,Winter,12.0,6.8,20.0,,,South Africa,France,37,14,2017 France rugby union tour of South Africa,Loftus Versfeld,South Africa,False,False
2017-06-17,Santa Fe,72365,Summer,28.1,15.0,37.8,0.0,12.2,Argentina,England,25,35,2017 England tour of Argentina,Estadio Estanislao López,Argentina,False,False
2017-06-17,Sydney,94767,Winter,15.7,13.1,17.8,0.0,17.8,Australia,Scotland,19,24,2017 Summer International,Sydney Football Stadium,Australia,False,False
2017-06-24,Brisbane,94576,Winter,,10.4,24.5,0.0,,Australia,Italy,40,27,2017 Summer International,Lang Park,Australia,False,False
2017-08-19,Sydney,94767,Winter,11.1,8.2,14.8,0.0,34.6,Australia,New Zealand,34,54,2017 Rugby Championship,Stadium Australia,Australia,False,False
2017-08-26,Salta,87047,Winter,17.2,10.7,31.0,,8.2,Argentina,South Africa,23,41,2017 Rugby Championship,Estadio Padre Ernesto Martearena,Argentina,False,False
2017-09-09,New Plymouth,93309,Spring,9.1,,12.9,11.7,,New Zealand,Argentina,39,22,2017 Rugby Championship,Yarrow Stadium,New Zealand,False,False
2017-09-09,Perth,94614,Spring,,13.0,21.8,0.2,,Australia,South Africa,23,23,2017 Rugby Championship,Perth Oval,Australia,False,False
2017-09-16,Canberra,94926,Spring,4.3,1.2,14.5,0.5,22.6,Australia,Argentina,45,20,2017 Rugby Championship,Canberra Stadium,Australia,False,False
2017-09-16,Albany,72518,Autumn,22.4,17.8,28.3,0.0,4.3,New Zealand,South Africa,57,0,2017 Rugby Championship,North Harbour Stadium,New Zealand,False,False
2017-09-30,Bloemfontein,68442,Spring,20.1,,28.5,,,South Africa,Australia,27,27,2017 Rugby Championship,Free State Stadium,South Africa,False,False
2017-09-30,Buenos Aires,87582,Spring,17.6,14.4,20.2,,11.5,Argentina,New Zealand,10,36,2017 Rugby Championship,José Amalfitani Stadium,Argentina,False,False
2017-10-07,Cape Town,68816,Spring,14.5,9.2,21.5,,11.5,South Africa,New Zealand,24,25,2017 Rugby Championship,Newlands,South Africa,False,False
2017-10-21,Brisbane,94576,Spring,,18.6,20.4,3.8,,Australia,New Zealand,23,18,2017 Autumn International,Lang Park,Australia,False,False
2017-11-11,Dublin,3969,Autumn,7.2,7.1,9.0,1.3,11.6,Ireland,South Africa,38,3,2017 end-of-year test,Aviva Stadium,Ireland,False,False
2017-11-11,London,3772,Autumn,8.8,6.8,9.9,6.6,7.7,England,Argentina,21,8,2017 Autumn International,Twickenham,England,False,False
2017-11-11,Saint-Denis,7149,Autumn,10.9,7.8,12.9,7.6,17.6,France,New Zealand,18,38,2017 end-of year test,Stade de France,France,False,False
2017-11-18,Edinburgh,3171,Autumn,5.3,2.0,7.6,0.0,20.7,Scotland,New Zealand,17,22,2017 Autumn International,Murrayfield,Scotland,False,False
2017-11-18,Florence,16134,Autumn,-2.4,-3.6,-1.4,0.0,40.6,Italy,Argentina,15,31,2017 end of year test,Stadio Artemio Franchi,Italy,False,False
2017-11-18,Saint-Denis,7149,Autumn,5.6,1.3,9.1,0.8,9.0,France,South Africa,17,18,2017 end-of-year test,Stade de France,France,False,False
2017-11-18,London,3772,Autumn,7.3,3.3,9.0,0.0,12.4,England,Australia,30,6,2017 Autumn International,Twickenham Stadium,England,False,False
2017-11-25,Edinburgh,3171,Autumn,1.5,-2.2,3.8,0.3,22.9,Scotland,Australia,53,24,2017 Autumn International,Murrayfield Stadium,Scotland,False,False
2017-11-25,Dublin,3969,Autumn,1.8,0.1,4.4,0.0,28.1,Ireland,Argentina,28,19,2017 Autumn Internationals,Aviva Stadium,Ireland,False,False
2018-02-03,Saint-Denis,7149,Winter,3.3,0.9,4.6,5.4,9.1,France,Ireland,13,15,2018 Six Nations Championship,Stade de France,France,False,False
2018-02-04,Rome,16239,Winter,6.8,2.0,11.7,,7.6,Italy,England,15,46,2018 Six Nations Championship,Stadio Olimpico,Italy,False,False
2018-02-10,London,3772,Winter,4.2,-1.8,10.0,1.3,16.5,England,Wales,12,6,2018 Six Nations Championship,Twickenham,England,False,False
2018-02-10,Dublin,3969,Winter,7.6,0.3,10.9,1.0,34.1,Ireland,Italy,56,19,2018 Six Nations Championship,Aviva Stadium,Ireland,False,False
2018-02-11,Edinburgh,3171,Winter,2.4,-0.2,4.7,7.1,21.4,Scotland,France,32,26,2018 Six Nations Championship,Murrayfield,Scotland,False,False
2018-02-23,Marseille,7650,Winter,4.6,-1.8,10.3,0.0,13.8,France,Italy,34,17,2018 Six Nations Championship,Stade Vélodrome,France,False,False
2018-02-24,Dublin,3969,Winter,2.0,1.7,5.4,0.0,21.2,Ireland,Wales,37,27,2018 Six Nations Championship,Aviva Stadium,Ireland,False,False
2018-02-24,Edinburgh,3171,Winter,3.4,-0.5,6.0,0.0,18.8,Scotland,England,25,13,2018 Six Nations Championship,Murrayfield Stadium,Scotland,False,False
2018-03-10,Dublin,3969,Spring,7.6,1.0,13.4,0.1,21.2,Ireland,Scotland,28,8,2018 Six Nations Championship,Aviva Stadium,Ireland,False,False
2018-03-10,Saint-Denis,7149,Spring,13.4,10.3,17.8,16.1,12.6,France,England,22,16,2018 Six Nations Championship,Stade de France,France,False,False
2018-03-17,Rome,16239,Spring,11.1,9.9,13.4,,8.5,Italy,Scotland,27,29,2018 Six Nations Championship,Stadio Olimpico,Italy,False,False
2018-03-17,London,3772,Spring,1.3,-1.2,7.5,1.8,22.6,England,Ireland,15,24,2018 Six Nations Championship,Twickenham,England,False,False
2018-06-02,Washington,72405,Summer,25.7,22.8,30.0,1.3,9.7,South Africa,Wales,20,22,2018 mid-year test,RFK Stadium,United States,True,False
2018-06-09,Auckland,93110,Winter,10.0,3.8,16.2,0.3,,New Zealand,France,52,11,2018 French tour to New Zealand,Eden Park,New Zealand,False,False
2018-06-09,Brisbane,94576,Winter,,15.6,23.7,0.2,,Australia,Ireland,18,9,2018 Ireland tour of Australia,Lang Park,Australia,False,False
2018-06-09,San Juan,87311,Winter,7.1,-1.4,,,,Argentina,Wales,10,23,2018 Wales tour of Argentina and North America,Estadio San Juan del Bicentenario,Argentina,False,False
2018-06-09,San Juan,78526,Summer,26.7,23.9,30.6,14.0,17.6,Argentina,Wales,10,23,2018 Wales tour of Argentina and North America,Estadio San Juan del Bicentenario,Argentina,False,False
2018-06-16,Melbourne,95866,Winter,,5.8,12.5,0.8,,Australia,Ireland,21,26,2018 Ireland tour of Australia,Melbourne Rec. Stadium,Australia,False,False
2018-06-16,Wellington,93439,Winter,13.2,,16.0,0.0,,New Zealand,France,26,13,2018 French tour to New Zealand,Westpac Stadium,New Zealand,False,False
2018-06-16,Resistencia,87155,Winter,6.6,-0.1,15.0,,6.1,Argentina,Wales,12,30,2018 Wales tour of Argentina and North America,Estadio Centenario,Argentina,False,False
2018-06-16,Bloemfontein,68442,Winter,5.8,,15.9,,,South Africa,England,23,12,2018 England rugby union tour of South Africa,Free State Stadium,South Africa,False,False
2018-06-23,Cape Town,68816,Winter,14.3,13.0,16.9,0.0,27.7,South Africa,England,10,25,2018 England rugby union tour of South Africa,Newlands,South Africa,False,False
2018-06-23,Resistencia,87155,Winter,21.3,14.2,27.6,,12.2,Argentina,Scotland,15,44,2018 Summer International,Estadio Centenario,Argentina,False,False
2018-06-23,Sydney,94767,Winter,12.7,7.0,20.3,0.0,13.1,Australia,Ireland,16,20,2018 Ireland tour of Australia,Stadium Australia,Australia,False,False
2018-08-18,Sydney,94767,Winter,14.4,5.8,23.6,0.0,22.7,Australia,New Zealand,13,38,2018 Rugby Championship,Stadium Australia,Australia,False,False
2018-08-25,Auckland,93110,Winter,12.6,9.7,15.1,1.5,27.3,New Zealand,Australia,40,12,2018 Rugby Championship,Eden Park,New Zealand,False,False
2018-09-08,Brisbane,94576,Spring,,17.5,25.0,1.2,,Australia,South Africa,23,18,2018 Rugby Championship,Lang Park,Australia,False,False
2018-09-15,Wellington,93439,Spring,13.0,9.5,16.3,0.0,25.6,New Zealand,South Africa,34,36,2018 Rugby Championship,Westpac Stadium,New Zealand,False,False
2018-09-29,Buenos Aires,87582,Spring,19.3,16.5,21.5,2.0,22.8,Argentina,New Zealand,17,35,2018 Rugby Championship,José Amalfitani Stadium,Argentina,False,False
2018-10-06,Salta,87047,Spring,18.6,8.5,25.2,,7.4,Argentina,Australia,34,45,2018 Rugby Championship,Estadio Padre Ernesto Martearena,Argentina,False,False
2018-10-06,Pretoria,68263,Spring,20.7,10.4,28.6,,,South Africa,New Zealand,30,32,2018 Rugby Championship,Loftus Versfeld Stadium,South Africa,False,False
2018-11-03,London,3772,Autumn,8.5,2.7,14.0,0.0,15.6,England,South Africa,12,11,2018 Autumn International,Twickenham,England,False,False
2018-11-10,Dublin,3969,Autumn,6.8,5.6,9.9,4.2,11.7,Ireland,Argentina,28,17,2018 Autumn Internationals,Aviva Stadium,Ireland,False,False
2018-11-10,London,3772,Autumn,10.9,9.4,14.1,7.9,17.0,England,New Zealand,15,16,2018 Autumn International,Twickenham,England,False,False
2018-11-10,Saint-Denis,7149,Autumn,11.7,10.5,12.8,6.0,20.8,France,South Africa,26,29,2018 end-of-year test,Stade de France,France,False,False
2018-11-17,Lille,7015,Autumn,5.1,0.9,9.2,0.3,14.6,France,Argentina,28,13,2018 Autumn International,Stade Pierre-Mauroy,France,False,False
2018-11-17,Dublin,3969,Autumn,10.7,11.8,12.4,0.0,18.3,Ireland,New Zealand,16,9,2018 Autumn International,Aviva Stadium,Ireland,False,False
2018-11-17,Edinburgh,3171,Autumn,9.1,7.3,10.2,0.0,21.5,Scotland,South Africa,20,26,2018 Autumn International,Murrayfield,Scotland,False,False
2018-11-24,Edinburgh,3171,Autumn,5.7,3.4,7.1,3.3,10.7,Scotland,Argentina,14,9,2018 Autumn International,Murrayfield Stadium,Scotland,False,False
2018-11-24,Rome,16239,Autumn,16.6,16.0,17.4,,18.7,Italy,New Zealand,3,66,2018 end-of-year internationals,Stadio Olimpico,Italy,False,False
2018-11-24,London,3772,Autumn,8.3,7.6,9.3,0.0,14.2,England,Australia,37,18,2018 Autumn International,Twickenham Stadium,England,False,False
2019-02-01,Paris,7149,Winter,5.1,1.6,7.2,18.7,8.1,France,Wales,19,24,2019 Six Nations Championship,Stade de France,France,False,False
2019-02-02,Edinburgh,3171,Winter,-0.6,-5.2,3.3,0.0,9.3,Scotland,Italy,33,20,2019 Six Nations Championship,Murrayfield,Scotland,False,False
2019-02-02,Dublin,3969,Winter,0.4,-2.4,5.4,0.0,17.0,Ireland,England,20,32,2019 Six Nations Championship,Aviva Stadium,Ireland,False,False
2019-02-09,Rome,16239,Winter,9.4,3.7,14.0,,6.5,Italy,Wales,15,26,2019 Six Nations,Stadio Olimpico,Italy,False,False
2019-02-09,Edinburgh,3171,Winter,6.1,2.3,9.7,9.7,37.2,Scotland,Ireland,13,22,2019 Six Nations Championship,Murrayfield Stadium,Scotland,False,False
2019-02-10,London,3772,Winter,5.8,4.2,7.8,1.5,17.7,England,France,44,8,2019 Six Nations Championship,Twickenham,England,False,False
2019-02-23,Saint-Denis,7149,Winter,10.2,5.9,16.4,0.0,10.8,France,Scotland,27,10,2019 Six Nations Championship,Stade de France,France,False,False
2019-02-24,Rome,16239,Winter,7.3,1.9,13.6,,14.2,Italy,Ireland,16,26,2019 Six Nations Championship,Stadio Olimpico,Italy,False,False
2019-03-09,London,3772,Spring,9.4,6.9,13.6,1.3,24.4,England,Italy,57,14,2019 Six Nations Championship,Twickenham,England,False,False
2019-03-09,Edinburgh,3171,Spring,4.4,1.7,9.0,1.5,30.6,Scotland,Wales,11,18,2019 Six Nations Championship,Murrayfield Stadium,Scotland,False,False
2019-03-10,Dublin,3969,Spring,3.4,2.7,7.9,1.5,25.2,Ireland,France,26,14,2019 Six Nations Championship,Aviva Stadium,Ireland,False,False
2019-03-16,Rome,16239,Spring,12.8,9.0,16.4,,8.4,Italy,France,14,25,2019 Six Nations Championship,Stadio Olimpico,Italy,False,False
2019-03-16,London,3772,Spring,10.9,8.1,12.5,0.0,37.2,England,Scotland,38,38,2019 Six Nations Championship,Twickenham Stadium,England,False,False
2019-07-20,Buenos Aires,87582,Winter,15.1,11.9,17.5,,7.5,Argentina,New Zealand,16,20,2019 Rugby Championship,José Amalfitani Stadium,Argentina,False,False
2019-07-27,Brisbane,94576,Winter,,12.1,25.9,0.0,,Australia,Argentina,16,10,2019 Rugby Championship,Suncorp Stadium,Australia,False,False
2019-07-27,Wellington,93439,Winter,13.3,8.4,14.8,0.0,21.1,New Zealand,South Africa,16,16,2019 Rugby Championship,Westpac Stadium,New Zealand,False,False
2019-08-10,Dublin,3969,Summer,16.6,16.8,20.2,10.2,20.6,Ireland,Italy,29,10,2019 Rugby World Cup warm-up tests,Aviva Stadium,Ireland,False,False
2019-08-10,Perth,94614,Winter,,7.3,18.9,0.2,,Australia,New Zealand,47,26,2019 Rugby Championship,Perth Stadium,Australia,False,False
2019-08-10,Salta,87047,Winter,7.4,-3.2,20.5,,7.1,Argentina,South Africa,13,46,2019 Rugby Championship,Estadio Padre Ernesto Martearena,Argentina,False,False
2019-08-11,London,3772,Summer,18.6,15.2,23.1,1.5,24.9,England,Wales,33,19,2019 Rugby World Cup warm-up,Twickenham,England,False,False
2019-08-17,Auckland,93110,Winter,12.1,7.8,16.6,1.5,15.3,New Zealand,Australia,36,0,2019 Rugby World Cup warm-up match,Eden Park,New Zealand,False,False
2019-08-17,Pretoria,68263,Winter,20.1,11.6,27.8,,,South Africa,Argentina,24,18,2019 Rugby World Cup warm-up match,Loftus Versfeld Stadium,South Africa,False,False
2019-08-24,London,3772,Summer,21.8,13.0,29.9,0.0,5.8,England,Ireland,57,15,2019 Rugby World Cup Warm-up,Twickenham,England,False,False
2019-08-24,Edinburgh,3171,Summer,17.0,10.9,24.2,0.0,7.5,Scotland,France,17,14,2019 Rugby World Cup warm-up,Murrayfield,Scotland,False,False
2019-08-30,Saint-Denis,7149,Summer,20.8,12.8,28.2,0.0,8.3,France,Italy,47,19,2019 Rugby World Cup warm-up match,Stade de France,France,False,False
2019-09-07,Dublin,3969,Autumn,12.5,10.2,18.7,0.0,15.0,Ireland,Wales,19,10,2019 Rugby World Cup warm-up tests,Aviva Stadium,Ireland,False,False
2019-09-21,Tokyo,47662,Autumn,21.4,20.4,24.1,0.0,8.3,France,Argentina,23,21,2019 Rugby World Cup Pool match,Tokyo Stadium,Japan,True,True
2019-09-29,Tokyo,47662,Autumn,24.9,22.4,27.7,0.0,9.1,Australia,Wales,25,29,2019 Rugby World Cup Pool match,Tokyo Stadium,Japan,True,True
2019-10-05,Tokyo,47662,Autumn,25.2,21.9,30.3,0.0,12.4,England,Argentina,39,10,2019 Rugby World Cup Pool match,Tokyo Stadium,Japan,True,True
2019-10-19,Tokyo,47662,Autumn,18.5,14.6,20.2,56.9,8.9,New Zealand,Ireland,46,14,2019 Rugby World Cup Quarter-final,Tokyo Stadium,Japan,True,True
2019-10-19,Ōita,47815,Autumn,20.4,,24.4,15.5,,England,Australia,40,16,2019 Rugby World Cup Quarter-final,Ōita Stadium,Japan,True,True
2019-10-20,Ōita,47815,Autumn,19.6,15.6,24.2,0.0,,Wales,France,20,19,2019 Rugby World Cup Quarter-finals,Ōita Stadium,Japan,True,True
2019-11-01,Tokyo,47662,Autumn,17.2,12.2,23.9,0.0,7.2,New Zealand,Wales,40,17,2019 Rugby World Cup Bronze Final,Tokyo Stadium,Japan,True,True
2020-02-01,Dublin,3969,Winter,7.9,7.5,10.9,2.7,24.5,Ireland,Scotland,19,12,2020 Six Nations Championship,Aviva Stadium,Ireland,False,False
2020-02-02,Saint-Denis,7149,Winter,13.0,11.0,15.7,11.7,19.9,France,England,24,17,2020 Six Nations Championship,Stade de France,France,False,False
2020-02-08,Edinburgh,3171,Winter,6.7,3.9,8.4,0.5,35.8,Scotland,England,6,13,2020 Six Nations Championship,Murrayfield Stadium,Scotland,False,False
2020-02-08,Dublin,3969,Winter,7.1,4.1,11.8,33.1,31.7,Ireland,Wales,24,14,2020 Six Nations Championship,Aviva Stadium,Ireland,False,False
2020-02-09,Saint-Denis,7149,Winter,10.3,6.9,13.9,2.8,33.9,France,Italy,35,22,2020 Six Nations Championship,Stade de France,France,False,False
2020-02-22,Rome,16239,Winter,10.4,4.1,16.4,0.0,6.4,Italy,Scotland,0,17,2020 Six Nations Championship,Stadio Olimpico,Italy,False,False
2020-02-23,London,3772,Winter,11.0,7.9,14.1,0.5,27.1,England,Ireland,24,12,2020 Six Nations Championship,Twickenham,England,False,False
2020-03-07,London,3772,Spring,7.8,1.8,12.7,0.0,18.8,England,Wales,33,30,2020 Six Nations Championship,Twickenham,England,False,False
2020-03-08,Edinburgh,3171,Spring,7.2,2.9,10.9,0.5,29.9,Scotland,France,28,17,2020 Six Nations Championship,Murrayfield,Scotland,False,False
2020-10-11,Wellington,93439,Spring,14.4,12.4,17.9,17.8,34.1,New Zealand,Australia,16,16,2020 Autumn International,Wellington Regional Stadium,New Zealand,False,False
2020-10-18,Auckland,93110,Spring,15.8,6.7,18.5,1.5,7.8,New Zealand,Australia,27,7,2020 Autumn International,Eden Park,New Zealand,False,False
2020-10-24,Dublin,3969,Autumn,10.1,7.5,11.8,0.0,20.7,Ireland,Italy,50,17,2020 Six Nations Championship,Aviva Stadium,Ireland,False,False
2020-10-24,Paris,7149,Autumn,13.7,11.0,15.8,2.8,21.5,France,Wales,38,21,2020 Autumn International,Stade de France,France,False,False
2020-10-31,Saint-Denis,7149,Autumn,14.1,9.0,18.0,0.2,13.9,France,Ireland,35,27,2020 Six Nations Championship,Stade de France,France,False,False
2020-10-31,Rome,16239,Autumn,14.2,8.6,20.0,0.3,5.5,Italy,England,5,34,2020 Six Nations Championship,Stadio Olimpico,Italy,False,False
2020-10-31,Sydney,94767,Spring,16.6,16.7,21.2,3.2,23.5,Australia,New Zealand,5,43,2020 Tri Nations Series,Stadium Australia,Australia,False,False
2020-11-07,Brisbane,94576,Spring,,17.0,27.1,0.0,,Australia,New Zealand,24,22,2020 Tri Nations Series,Lang Park,Australia,False,False
2020-11-13,Dublin,3969,Autumn,8.2,6.1,10.8,0.3,19.4,Ireland,Wales,32,9,Autumn Nations Cup,Aviva Stadium,Ireland,False,False
2020-11-14,Sydney,94767,Spring,21.2,17.3,25.7,1.6,16.5,New Zealand,Argentina,15,25,2020 Tri Nations Series,Bankwest Stadium,Australia,True,False
2020-11-14,Florence,16134,Autumn,4.0,2.2,6.4,0.0,11.5,Italy,Scotland,17,28,Autumn Nations Cup,Stadio Artemio Franchi,Italy,False,False
2020-11-21,London,3772,Autumn,11.1,9.5,12.3,1.0,23.6,England,Ireland,18,7,Autumn Nations Cup,Twickenham,England,False,False
2020-11-22,Edinburgh,3171,Autumn,5.1,3.0,7.3,0.0,24.6,Scotland,France,15,22,Autumn Nations Cup,Murrayfield,Scotland,False,False
2020-11-28,Saint-Denis,7149,Autumn,6.3,2.3,11.3,0.0,8.7,France,Italy,36,5,Autumn Nations Cup,Stade de France,France,False,False
2020-12-05,Dublin,3969,Winter,4.8,0.6,7.3,1.0,22.2,Ireland,Scotland,31,16,Autumn Nations Cup,Aviva Stadium,Ireland,False,False
2020-12-05,Sydney,94767,Summer,23.3,19.5,26.2,0.0,20.1,Australia,Argentina,16,16,2020 Tri Nations Series,Bankwest Stadium,Australia,False,False
2020-12-06,London,3772,Winter,2.6,0.9,4.9,0.0,6.1,England,France,22,19,Autumn Nations Cup Final,Twickenham,England,False,False
2021-02-06,Rome,16239,Winter,15.3,7.0,21.4,0.0,13.9,Italy,France,10,50,2021 Six Nations Championship,Stadio Olimpico,Italy,False,False
2021-02-06,London,3772,Winter,5.9,3.3,8.3,1.8,8.9,England,Scotland,6,11,2021 Six Nations Championship,Twickenham Stadium,England,False,False
2021-02-13,Edinburgh,3171,Winter,-0.4,-1.6,0.3,,25.4,Scotland,Wales,24,25,2021 Six Nations Championship,Murrayfield Stadium,Scotland,False,False
2021-02-13,London,3772,Winter,0.6,-4.1,1.7,,23.3,England,Italy,41,18,2021 Six Nations Championship,Twickenham,England,False,False
2021-02-14,Dublin,3969,Winter,8.2,1.1,13.1,2.5,28.8,Ireland,France,13,15,2021 Six Nations Championship,Aviva Stadium,Ireland,False,False
2021-02-27,Rome,16239,Winter,10.3,7.5,15.0,0.0,4.5,Italy,Ireland,10,48,2021 Six Nations Championship,Stadio Olimpico,Italy,False,False
2021-03-13,London,3772,Spring,6.9,3.7,11.2,6.1,30.7,England,France,23,20,2021 Six Nations Championship,Twickenham,England,False,False
2021-03-13,Rome,16239,Spring,13.6,10.3,17.5,0.0,14.8,Italy,Wales,7,48,2021 Six Nations,Stadio Olimpico,Italy,False,False
2021-03-14,Edinburgh,3171,Spring,5.7,1.7,9.8,0.3,22.9,Scotland,Ireland,24,27,2021 Six Nations Championship,Murrayfield Stadium,Scotland,False,False
2021-03-20,Paris,7149,Spring,5.1,1.0,9.1,0.0,13.8,France,Wales,32,30,2021 Six Nations Championship,Stade de France,France,False,False
2021-03-20,Dublin,3969,Spring,8.4,3.2,13.5,0.1,13.7,Ireland,England,32,18,2021 Six Nations Championship,Aviva Stadium,Ireland,False,False
2021-03-20,Edinburgh,3171,Spring,8.6,1.4,15.1,,16.2,Scotland,Italy,52,10,2021 Six Nations Championship,Murrayfield,Scotland,False,False
2021-03-26,Saint-Denis,7149,Spring,8.9,3.7,15.6,0.3,15.1,France,Scotland,23,27,2021 Six Nations Championship,Stade de France,France,False,False
2021-07-07,Brisbane,94576,Winter,12.3,8.0,22.0,0.0,7.6,Australia,France,23,21,2021 France tour of Australia,Lang Park,Australia,False,False
2021-07-13,Melbourne,95866,Winter,10.1,6.8,13.3,1.0,19.1,Australia,France,26,28,2021 France tour of Australia,Melbourne Rectangular Stadium,Australia,False,False
2021-07-17,Brisbane,94576,Winter,15.2,14.4,21.1,0.6,21.9,Australia,France,33,30,2021 France tour of Australia,Lang Park,Australia,False,False
2021-08-07,Auckland,93110,Winter,12.6,12.0,15.6,8.9,35.8,New Zealand,Australia,33,25,2021 Summer International,Eden Park,New Zealand,False,False
2021-08-14,Auckland,93110,Winter,12.7,9.0,15.4,1.5,21.9,New Zealand,Australia,57,22,2021 Rugby Championship,Eden Park,New Zealand,False,False
2021-09-05,Perth,94614,Spring,13.7,7.1,21.8,0.0,11.8,Australia,New Zealand,21,38,2021 Rugby Championship,Perth Stadium,Australia,False,False
2021-09-18,Brisbane,94576,Spring,18.5,13.5,25.2,0.0,12.7,Australia,South Africa,30,17,2021 Rugby Championship,Lang Park,Australia,False,False
2021-09-18,Brisbane,94576,Spring,18.5,13.5,25.2,0.0,12.7,New Zealand,Argentina,36,13,2021 Rugby Championship,Suncorp Stadium,Australia,True,False
2021-11-05,Saint-Denis,7149,Autumn,8.9,6.9,12.3,2.3,9.8,France,Argentina,29,20,2021 Autumn International,Stade de France,France,False,False
2021-11-06,Rome,16239,Autumn,14.2,9.6,19.5,2.0,13.8,Italy,New Zealand,9,47,2021 end-of-year rugby union internationals,Stadio Olimpico,Italy,False,False
2021-11-06,Edinburgh,3171,Autumn,10.2,8.3,13.5,,34.4,Scotland,Australia,15,13,2021 Autumn International,Murrayfield Stadium,Scotland,False,False
2021-11-13,London,3772,Autumn,11.8,9.7,12.8,1.0,11.5,England,Australia,32,15,2021 Autumn International,Twickenham Stadium,England,False,False
2021-11-13,Edinburgh,3171,Autumn,8.4,5.0,13.3,2.3,6.7,Scotland,South Africa,15,30,2021 Autumn International,Murrayfield,Scotland,False,False
2021-11-13,Dublin,3969,Autumn,10.9,10.1,12.5,0.0,12.0,Ireland,New Zealand,29,20,2021 Autumn International,Aviva Stadium,Ireland,False,False
2021-11-20,London,3772,Autumn,10.1,8.3,10.8,0.0,9.8,England,South Africa,27,26,2021 Autumn International,Twickenham,England,False,False
2021-11-20,Saint-Denis,7149,Autumn,6.8,5.5,9.5,0.0,8.2,France,New Zealand,40,25,2021 end-of year test,Stade de France,France,False,False
2021-11-21,Dublin,3969,Autumn,4.2,1.3,8.7,0.0,19.8,Ireland,Argentina,53,7,2021 Autumn Internationals,Aviva Stadium,Ireland,False,False
2022-02-05,Dublin,3969,Winter,6.7,2.5,9.7,8.4,25.2,Ireland,Wales,29,7,2022 Six Nations Championship,Aviva Stadium,Ireland,False,False
2022-02-05,Edinburgh,3171,Winter,4.7,-0.2,8.0,0.0,33.1,Scotland,England,20,17,2022 Six Nations Championship,Murrayfield Stadium,Scotland,False,False
2022-02-07,Saint-Denis,7149,Winter,7.1,3.4,10.8,9.4,13.1,France,Italy,37,10,2022 Six Nations Championship,Stade de France,France,False,False
2022-02-12,Saint-Denis,7149,Winter,3.5,-1.4,9.5,0.0,6.6,France,Ireland,30,24,2022 Six Nations Championship,Stade de France,France,False,False
2022-02-13,Rome,16239,Winter,10.3,5.5,15.6,0.0,8.6,Italy,England,0,33,2022 Six Nations Championship,Stadio Olimpico,Italy,False,False
2022-02-26,Edinburgh,3171,Winter,7.6,2.6,9.5,0.0,23.6,Scotland,France,17,36,2022 Six Nations Championship,Murrayfield,Scotland,False,False
2022-02-26,London,3772,Winter,4.9,-0.3,10.9,0.0,12.8,England,Wales,23,19,2022 Six Nations Championship,Twickenham,England,False,False
2022-02-28,Dublin,3969,Winter,7.1,7.7,9.9,0.4,14.4,Ireland,Italy,57,6,2022 Six Nations Championship,Aviva Stadium,Ireland,False,False
2022-03-12,London,3772,Spring,9.6,7.3,13.0,4.3,22.4,England,Ireland,15,32,2022 Six Nations Championship,Twickenham,England,False,False
2022-03-12,Rome,16239,Spring,8.7,5.0,13.0,,8.9,Italy,Scotland,22,33,2022 Six Nations Championship,Stadio Olimpico,Italy,False,False
2022-03-19,Dublin,3969,Spring,9.9,6.4,14.4,0.0,24.6,Ireland,Scotland,26,5,2022 Six Nations Championship,Aviva Stadium,Ireland,False,False
2022-03-20,Saint-Denis,7149,Spring,7.8,2.3,13.7,0.0,11.3,France,England,25,13,2022 Six Nations Championship,Stade de France,France,False,False
2022-07-02,San Salvador de Jujuy,87046,Winter,13.6,5.7,22.9,0.0,12.4,Argentina,Scotland,26,18,2022 Scotland tour of Argentina,Estadio 23 de Agosto,Argentina,False,False
2022-07-02,Auckland,93110,Winter,10.3,8.5,14.8,0.5,11.7,New Zealand,Ireland,42,19,2022 Ireland rugby union tour of New Zealand,Eden Park,New Zealand,False,False
2022-07-02,Pretoria,68263,Winter,13.1,2.3,17.9,0.0,8.2,South Africa,Wales,32,29,2022 Wales tour of South Africa,Loftus Versfeld Stadium,South Africa,False,False
2022-07-02,Perth,94614,Winter,12.2,7.0,19.3,0.0,12.1,Australia,England,30,28,2022 England tour of Australia,Perth Stadium,Australia,False,False
2022-07-09,Bloemfontein,68442,Winter,7.1,-4.0,19.0,0.0,6.9,South Africa,Wales,12,13,2022 Wales tour of South Africa,Free State Stadium,South Africa,False,False
2022-07-09,Brisbane,94576,Winter,11.2,8.3,19.6,0.0,9.6,Australia,England,17,25,2022 England tour of Australia,Lang Park,Australia,False,False
2022-07-09,Salta,87047,Winter,15.4,3.6,29.0,0.0,9.6,Argentina,Scotland,6,29,2022 Scotland tour of Argentina,Estadio Padre Ernesto Martearena,Argentina,False,False
2022-07-16,Sydney,94767,Winter,12.8,4.9,16.5,0.0,15.0,Australia,England,17,21,2022 England tour of Australia,Sydney Cricket Ground,Australia,False,False
2022-07-16,Wellington,93439,Winter,7.4,4.7,10.6,8.9,14.2,New Zealand,Ireland,22,32,2022 Ireland rugby union tour of New Zealand,Sky Stadium,New Zealand,False,False
2022-07-16,Cape Town,68816,Winter,16.8,6.0,27.7,0.0,9.5,South Africa,Wales,30,14,2022 Wales tour of South Africa,Cape Town Stadium,South Africa,False,False
2022-08-06,Mendoza,87420,Winter,9.6,5.9,16.8,0.7,7.7,Argentina,Australia,26,41,2022 Rugby Championship,Estadio Malvinas Argentinas,Argentina,False,False
2022-08-13,San Juan,87311,Winter,13.7,2.2,24.6,0.0,5.9,Argentina,Australia,48,17,2022 Rugby Championship,Estadio San Juan del Bicentenario,Argentina,False,False
2022-08-13,San Juan,78526,Summer,28.8,26.1,32.2,0.0,12.6,Argentina,Australia,48,17,2022 Rugby Championship,Estadio San Juan del Bicentenario,Argentina,False,False
2022-08-27,Christchurch,93781,Winter,8.0,1.7,11.4,0.3,10.2,New Zealand,Argentina,18,25,2022 Rugby Championship,Rugby League Park,New Zealand,False,False
2022-08-27,Adelaide,95678,Winter,8.8,7.6,13.4,0.0,13.4,Australia,South Africa,25,17,2022 Rugby Championship,Adelaide Oval,Australia,False,False
2022-09-03,Sydney,94767,Spring,14.3,10.5,16.6,5.2,38.8,Australia,South Africa,8,24,2022 Rugby Championship,Sydney Football Stadium,Australia,False,False
2022-09-03,Hamilton,78016,Autumn,27.8,25.7,30.6,0.5,8.8,New Zealand,Argentina,53,3,2022 Rugby Championship,Waikato Stadium,New Zealand,False,False
2022-09-03,Hamilton,93119,Spring,14.5,7.0,18.0,12.8,16.2,New Zealand,Argentina,53,3,2022 Rugby Championship,Waikato Stadium,New Zealand,False,False
2022-09-15,Melbourne,95866,Spring,12.5,11.0,15.9,5.0,19.0,Australia,New Zealand,37,39,2022 Rugby Championship,Docklands Stadium,Australia,False,False
2022-09-17,Buenos Aires,87582,Spring,18.5,14.9,22.2,0.0,15.0,Argentina,South Africa,20,36,2022 Rugby Championship,José Amalfitani Stadium,Argentina,False,False
2022-09-24,Auckland,93110,Spring,15.3,10.1,17.8,0.0,15.0,New Zealand,Australia,40,14,2022 Rugby Championship,Eden Park,New Zealand,False,False
2022-10-29,Edinburgh,3171,Autumn,11.9,8.9,13.6,1.3,13.2,Scotland,Australia,15,16,2022 Autumn International,Murrayfield Stadium,Scotland,False,False
2022-11-05,Dublin,3969,Autumn,11.1,5.0,13.8,0.1,16.4,Ireland,South Africa,19,16,2022 end-of-year test,Aviva Stadium,Ireland,False,False
2022-11-05,Saint-Denis,7149,Autumn,8.1,4.7,11.8,0.2,10.5,France,Australia,30,29,2022 Autumn International,Stade de France,France,False,False
2022-11-06,London,3772,Autumn,12.4,10.3,14.1,4.8,16.2,England,Argentina,29,30,2022 Autumn International,Twickenham,England,False,False
2022-11-12,Marseille,7650,Autumn,14.6,9.4,20.5,0.2,5.4,France,South Africa,30,26,2022 end-of-year test,Stade Vélodrome,France,False,False
2022-11-12,Florence,16134,Autumn,4.8,1.9,7.4,0.0,51.5,Italy,Australia,28,27,2022 Autumn International,Stadio Artemio Franchi,Italy,False,False
2022-11-13,Edinburgh,3171,Autumn,9.5,4.7,13.0,0.0,10.9,Scotland,New Zealand,23,31,2022 Autumn International,Murrayfield,Scotland,False,False
2022-11-19,Genoa,16153,Autumn,13.6,12.2,15.4,0.0,14.2,Italy,South Africa,21,63,2022 end-of-year test,Stadio Luigi Ferraris,Italy,False,False
2022-11-19,Dublin,3969,Autumn,5.4,-0.5,9.2,1.7,13.7,Ireland,Australia,13,10,2022 Autumn International,Aviva Stadium,Ireland,False,False
2022-11-19,London,3772,Autumn,8.2,4.0,10.8,0.0,10.2,England,New Zealand,25,25,2022 Autumn International,Twickenham,England,False,False
2022-11-26,London,3772,Autumn,10.4,7.5,12.4,0.0,17.1,England,South Africa,13,27,2022 Autumn International,Twickenham,England,False,False
2023-02-04,London,3772,Winter,8.6,8.0,11.2,0.0,12.8,England,Scotland,23,29,2023 Six Nations Championship,Twickenham Stadium,England,False,False
2023-02-05,Rome,16239,Winter,6.6,2.0,11.6,0.0,11.9,Italy,France,24,29,2023 Six Nations Championship,Stadio Olimpico,Italy,False,False
2023-02-11,Dublin,3969,Winter,8.8,7.8,11.2,0.0,9.2,Ireland,France,32,19,2023 Six Nations Championship,Aviva Stadium,Ireland,False,False
2023-02-11,Edinburgh,3171,Winter,9.4,6.9,12.0,0.0,25.6,Scotland,Wales,35,7,2023 Six Nations Championship,Murrayfield Stadium,Scotland,False,False
2023-02-12,London,3772,Winter,8.0,7.3,9.6,0.0,9.3,England,Italy,31,14,2023 Six Nations Championship,Twickenham Stadium,England,False,False
2023-02-25,Rome,16239,Winter,15.0,11.3,17.1,0.0,15.6,Italy,Ireland,20,34,2023 Six Nations Championship,Stadio Olimpico,Italy,False,False
2023-02-26,Saint-Denis,7149,Winter,2.4,0.3,6.6,0.0,29.4,France,Scotland,32,21,2023 Six Nations Championship,Stade de France,France,False,False
2023-03-11,Rome,16239,Spring,13.5,8.3,18.0,0.0,6.5,Italy,Wales,17,29,2023 Six Nations Championship,Stadio Olimpico,Italy,False,False
2023-03-11,London,3772,Spring,3.4,-2.2,8.5,1.0,11.3,England,France,10,53,2023 Six Nations Championship,Twickenham Stadium,England,False,False
2023-03-12,Edinburgh,3171,Spring,6.0,0.5,12.3,2.3,17.9,Scotland,Ireland,7,22,2023 Six Nations Championship,Murrayfield Stadium,Scotland,False,False
2023-03-18,Edinburgh,3171,Spring,7.7,5.7,10.6,3.6,11.4,Scotland,Italy,26,14,2023 Six Nations Championship,Murrayfield Stadium,Scotland,False,False
2023-03-18,Saint-Denis,7149,Spring,12.2,8.3,17.0,3.3,16.8,France,Wales,41,28,2023 Six Nations Championship,Stade de France,France,False,False
2023-03-18,Dublin,3969,Spring,8.4,6.4,11.6,1.1,17.7,Ireland,England,29,16,2023 Six Nations Championship,Aviva Stadium,Ireland,False,False
2023-07-08,Pretoria,68263,Winter,12.0,4.7,19.7,0.0,13.2,South Africa,Australia,43,12,2023 Rugby Championship,Loftus Versfeld Stadium,South Africa,False,False
2023-07-08,Mendoza,87420,Winter,7.9,0.1,12.9,0.0,9.9,Argentina,New Zealand,12,41,2023 Rugby Championship,Estadio Malvinas Argentinas,Argentina,False,False
2023-07-15,Auckland,93110,Winter,14.3,13.0,16.1,2.3,22.6,New Zealand,South Africa,35,20,2023 Rugby Championship,Mount Smart Stadium,New Zealand,False,False
2023-07-15,Sydney,94767,Winter,18.7,11.3,24.7,0.0,16.4,Australia,Argentina,31,34,2023 Rugby Championship,CommBank Stadium,Australia,False,False
2023-07-29,Melbourne,95866,Winter,11.9,10.4,18.3,0.0,19.8,Australia,New Zealand,7,38,2023 Rugby Championship,Melbourne Cricket Ground,Australia,False,False
2023-08-05,Buenos Aires,87582,Winter,13.0,10.0,15.0,1.7,16.0,Argentina,South Africa,13,24,2023 Rugby World Cup warm-up match,José Amalfitani,Argentina,False,False
2023-08-05,Edinburgh,3171,Summer,13.3,11.7,15.7,0.0,11.3,Scotland,France,25,21,2023 Rugby World Cup warm-up match,Murrayfield Stadium,Scotland,False,False
2023-08-05,Dublin,3969,Summer,13.0,10.4,17.3,36.7,23.9,Ireland,Italy,33,17,2023 Rugby World Cup warm-up match,Aviva Stadium,Ireland,False,False
2023-08-12,London,3772,Summer,18.3,13.7,22.6,0.0,20.8,England,Wales,19,17,2023 Summer Nations Series,Twickenham,England,False,False
2023-08-19,Dublin,3969,Summer,17.8,15.8,20.7,2.3,27.8,Ireland,England,29,10,2023 Rugby World Cup warm-up match,Aviva Stadium,Ireland,False,False
2023-08-25,London,3772,Summer,17.3,13.9,22.1,0.0,12.1,South Africa,New Zealand,35,7,2023 Rugby World Cup warm-up match,Twickenham Stadium,England,True,False
2023-08-27,Saint-Denis,7149,Summer,16.2,12.3,20.9,0.2,12.3,France,Australia,41,17,2023 Rugby World Cup warm-up match,Stade de France,France,False,False
